{
  "project_info": {
    "project_number": "646078531372",
    "project_id": "listaestudosapp",
    "storage_bucket": "listaestudosapp.firebasestorage.app"
  },
  "client": [
    {
      "client_info": {
        "mobilesdk_app_id": "1:646078531372:android:25cf5e819449c57fb9ce89",
        "android_client_info": {
          "package_name": "com.example.listaestudosapp"
        }
      },
      "oauth_client": [],
      "api_key": [
        {
          "current_key": "AIzaSyC8PlzX0LilLe7LepLnLPxjWKRut8K3ntQ"
        }
      ],
      "services": {
        "appinvite_service": {
          "other_platform_oauth_client": []
        }
      }
    }
  ],
  "configuration_version": "1"
}